source_id,source_name,target_id,target_name
3mIj9lX2MWuHmhNCA7LSCW,The 1975,2D4FOOOtWycb3Aw9nY5n3c,Declan McKenna
3mIj9lX2MWuHmhNCA7LSCW,The 1975,3IunaFjvNKj98JW89JYv9u,The Japanese House
3mIj9lX2MWuHmhNCA7LSCW,The 1975,0NIPkIjTV8mB795yEIiPYL,Wallows
3mIj9lX2MWuHmhNCA7LSCW,The 1975,0wOej91SVqB1zcYkW6xUtA,Pale Waves
3mIj9lX2MWuHmhNCA7LSCW,The 1975,0YhUSm86okLWldQVwJkLlP,Bad Suns
3mIj9lX2MWuHmhNCA7LSCW,The 1975,6fC2AcsQtd9h4BWELbbire,Peach Pit
3mIj9lX2MWuHmhNCA7LSCW,The 1975,0ZxZlO7oWCSYMXhehpyMvE,COIN
3mIj9lX2MWuHmhNCA7LSCW,The 1975,3HXLY1sNXIxHfulrjPiRf5,joan
3mIj9lX2MWuHmhNCA7LSCW,The 1975,6d4jrmreCmsenscuieJERc,The Band CAMINO
3mIj9lX2MWuHmhNCA7LSCW,The 1975,0szWPxzzE8DVEfXFRCLBUb,flor
3mIj9lX2MWuHmhNCA7LSCW,The 1975,4Uc8Dsxct0oMqx0P6i60ea,Conan Gray
3mIj9lX2MWuHmhNCA7LSCW,The 1975,1btWGBz4Uu1HozTwb2Lm8A,Hippo Campus
3mIj9lX2MWuHmhNCA7LSCW,The 1975,3WGpXCj9YhhfX11TToZcXP,Troye Sivan
3mIj9lX2MWuHmhNCA7LSCW,The 1975,6Sa4YbwEdGlfVSJMF1Lp67,Roy Blair
3mIj9lX2MWuHmhNCA7LSCW,The 1975,5rebfYbZVIhbRVcRKWVOAh,HUNNY
3mIj9lX2MWuHmhNCA7LSCW,The 1975,7jZycSvTyx0W9poD4PjEIG,The Hunna
3mIj9lX2MWuHmhNCA7LSCW,The 1975,2eam0iDomRHGBypaDQLwWI,Bleachers
3mIj9lX2MWuHmhNCA7LSCW,The 1975,6beUvFUlKliUYJdLOXNj9C,King Princess
3mIj9lX2MWuHmhNCA7LSCW,The 1975,4fgXfJCQnK6c44u4KzAtQP,Sundara Karma
3mIj9lX2MWuHmhNCA7LSCW,The 1975,22RISwgVJyZu9lpqAcv1F5,Blossoms
2D4FOOOtWycb3Aw9nY5n3c,Declan McKenna,2BL3PP6aTKJ1jqbRgfQa71,The Honeysticks
2D4FOOOtWycb3Aw9nY5n3c,Declan McKenna,5rebfYbZVIhbRVcRKWVOAh,HUNNY
2D4FOOOtWycb3Aw9nY5n3c,Declan McKenna,7sOR7gk6XUlGnxj3p9F54k,half•alive
2D4FOOOtWycb3Aw9nY5n3c,Declan McKenna,0NIPkIjTV8mB795yEIiPYL,Wallows
2D4FOOOtWycb3Aw9nY5n3c,Declan McKenna,0ZUvK7zGdXLd78mQr3t1Tw,Ricky Montgomery
2D4FOOOtWycb3Aw9nY5n3c,Declan McKenna,6Sa4YbwEdGlfVSJMF1Lp67,Roy Blair
2D4FOOOtWycb3Aw9nY5n3c,Declan McKenna,35l9BRT7MXmM8bv2WDQiyB,beabadoobee
2D4FOOOtWycb3Aw9nY5n3c,Declan McKenna,6fC2AcsQtd9h4BWELbbire,Peach Pit
2D4FOOOtWycb3Aw9nY5n3c,Declan McKenna,45FqwUG4hTT6d39r2HUsUe,Sea Girls
2D4FOOOtWycb3Aw9nY5n3c,Declan McKenna,5CXdWANGwYYRPClH6hhC0P,Kid Bloom
2D4FOOOtWycb3Aw9nY5n3c,Declan McKenna,7DruTvBV7owt1aSAZHsU58,Viola Beach
2D4FOOOtWycb3Aw9nY5n3c,Declan McKenna,4hfrzKkUsrb3Cz209SKxbo,Ten Tonnes
2D4FOOOtWycb3Aw9nY5n3c,Declan McKenna,2G8UkPZnQ8i78L8TfqP1X6,Christian Leave
2D4FOOOtWycb3Aw9nY5n3c,Declan McKenna,3uwAm6vQy7kWPS2bciKWx9,girl in red
2D4FOOOtWycb3Aw9nY5n3c,Declan McKenna,4fgXfJCQnK6c44u4KzAtQP,Sundara Karma
2D4FOOOtWycb3Aw9nY5n3c,Declan McKenna,22RISwgVJyZu9lpqAcv1F5,Blossoms
2D4FOOOtWycb3Aw9nY5n3c,Declan McKenna,1ShwUjKIwQRaUJij7jgRhp,The Night Café
2D4FOOOtWycb3Aw9nY5n3c,Declan McKenna,7jZycSvTyx0W9poD4PjEIG,The Hunna
2D4FOOOtWycb3Aw9nY5n3c,Declan McKenna,6hl5k4gLl1p3sjhHcb57t2,Circa Waves
2D4FOOOtWycb3Aw9nY5n3c,Declan McKenna,5YA1c6yVkPnflTLMfOgjzc,Vistas
3IunaFjvNKj98JW89JYv9u,The Japanese House,2AmfMGi3WZMxqFDHissIAe,The Aces
3IunaFjvNKj98JW89JYv9u,The Japanese House,6auWB5YAlcKaHyrbTH66nd,No Rome
3IunaFjvNKj98JW89JYv9u,The Japanese House,2Vvj76fff5uAw10W1sW54W,THE WLDLFE
3IunaFjvNKj98JW89JYv9u,The Japanese House,3HXLY1sNXIxHfulrjPiRf5,joan
3IunaFjvNKj98JW89JYv9u,The Japanese House,0szWPxzzE8DVEfXFRCLBUb,flor
3IunaFjvNKj98JW89JYv9u,The Japanese House,0wOej91SVqB1zcYkW6xUtA,Pale Waves
3IunaFjvNKj98JW89JYv9u,The Japanese House,1nhSLEYdoBHG6cJ8NDwoF1,Fickle Friends
3IunaFjvNKj98JW89JYv9u,The Japanese House,6xdRb2GypJ7DqnWAI2mHGn,MUNA
3IunaFjvNKj98JW89JYv9u,The Japanese House,1mSJCvDX0W7Dn7S9C6vmvI,Anna of the North
3IunaFjvNKj98JW89JYv9u,The Japanese House,39R87tT1qaTxHwu5m87USa,EXES
3IunaFjvNKj98JW89JYv9u,The Japanese House,1qpR5mURxk3d8f6mww6uKT,Shura
3IunaFjvNKj98JW89JYv9u,The Japanese House,6d4jrmreCmsenscuieJERc,The Band CAMINO
3IunaFjvNKj98JW89JYv9u,The Japanese House,1Fr6agZ6iSM5Ynn2k4C8sc,VÉRITÉ
3IunaFjvNKj98JW89JYv9u,The Japanese House,3qDMrpZHtZEtVl5i1l7hP3,Nightly
3IunaFjvNKj98JW89JYv9u,The Japanese House,2z6JjrrJKNLilqlx8mlxcc,Litany
3IunaFjvNKj98JW89JYv9u,The Japanese House,2i9uaNzfUtuApAjEf1omV8,Wet
3IunaFjvNKj98JW89JYv9u,The Japanese House,2D4FOOOtWycb3Aw9nY5n3c,Declan McKenna
3IunaFjvNKj98JW89JYv9u,The Japanese House,6ZitSwtBSGqj00w11GvMU3,"Now, Now"
3IunaFjvNKj98JW89JYv9u,The Japanese House,5r5Va4lVQ1zjEfbJSrmCsS,Broods
3IunaFjvNKj98JW89JYv9u,The Japanese House,4tPyCwWrsvZ8OKYl7QRavL,Yumi Zouma
0NIPkIjTV8mB795yEIiPYL,Wallows,2BL3PP6aTKJ1jqbRgfQa71,The Honeysticks
0NIPkIjTV8mB795yEIiPYL,Wallows,6Sa4YbwEdGlfVSJMF1Lp67,Roy Blair
0NIPkIjTV8mB795yEIiPYL,Wallows,0ZUvK7zGdXLd78mQr3t1Tw,Ricky Montgomery
0NIPkIjTV8mB795yEIiPYL,Wallows,6fC2AcsQtd9h4BWELbbire,Peach Pit
0NIPkIjTV8mB795yEIiPYL,Wallows,5CXdWANGwYYRPClH6hhC0P,Kid Bloom
0NIPkIjTV8mB795yEIiPYL,Wallows,2D4FOOOtWycb3Aw9nY5n3c,Declan McKenna
0NIPkIjTV8mB795yEIiPYL,Wallows,6eJa3zG1QZLRB3xgRuyxbm,Dayglow
0NIPkIjTV8mB795yEIiPYL,Wallows,5rebfYbZVIhbRVcRKWVOAh,HUNNY
0NIPkIjTV8mB795yEIiPYL,Wallows,7sOR7gk6XUlGnxj3p9F54k,half•alive
0NIPkIjTV8mB795yEIiPYL,Wallows,3uwAm6vQy7kWPS2bciKWx9,girl in red
0NIPkIjTV8mB795yEIiPYL,Wallows,2hR4h1Cao2ueuI7Cx9c7V8,Cavetown
0NIPkIjTV8mB795yEIiPYL,Wallows,4Uc8Dsxct0oMqx0P6i60ea,Conan Gray
0NIPkIjTV8mB795yEIiPYL,Wallows,0Raaw7kr1Vzat4ZvHzjsJR,I DONT KNOW HOW BUT THEY FOUND ME
0NIPkIjTV8mB795yEIiPYL,Wallows,7wbkl3zgDZEoZer357mVIw,boy pablo
0NIPkIjTV8mB795yEIiPYL,Wallows,35l9BRT7MXmM8bv2WDQiyB,beabadoobee
0NIPkIjTV8mB795yEIiPYL,Wallows,32zeX1IoVKAGWMyy1isKUq,No Vacation
0NIPkIjTV8mB795yEIiPYL,Wallows,1vVHevk2PD45epYnDi9CCc,Jack Stauber
0NIPkIjTV8mB795yEIiPYL,Wallows,027TpXKGwdXP7iwbjUSpV8,The Walters
0NIPkIjTV8mB795yEIiPYL,Wallows,0ZxZlO7oWCSYMXhehpyMvE,COIN
0NIPkIjTV8mB795yEIiPYL,Wallows,5DD5GZd4ElmQTy9NleMvKJ,Tessa Violet
0wOej91SVqB1zcYkW6xUtA,Pale Waves,3HXLY1sNXIxHfulrjPiRf5,joan
0wOej91SVqB1zcYkW6xUtA,Pale Waves,6auWB5YAlcKaHyrbTH66nd,No Rome
0wOej91SVqB1zcYkW6xUtA,Pale Waves,3IunaFjvNKj98JW89JYv9u,The Japanese House
0wOej91SVqB1zcYkW6xUtA,Pale Waves,1nhSLEYdoBHG6cJ8NDwoF1,Fickle Friends
0wOej91SVqB1zcYkW6xUtA,Pale Waves,3btzEQD6sugImIHPMRgkwV,Wolf Alice
0wOej91SVqB1zcYkW6xUtA,Pale Waves,6xdRb2GypJ7DqnWAI2mHGn,MUNA
0wOej91SVqB1zcYkW6xUtA,Pale Waves,52pNByiBWx6SVMMqqcCA74,The Magic Gang
0wOej91SVqB1zcYkW6xUtA,Pale Waves,2Vvj76fff5uAw10W1sW54W,THE WLDLFE
0wOej91SVqB1zcYkW6xUtA,Pale Waves,45FqwUG4hTT6d39r2HUsUe,Sea Girls
0wOej91SVqB1zcYkW6xUtA,Pale Waves,2AmfMGi3WZMxqFDHissIAe,The Aces
0wOej91SVqB1zcYkW6xUtA,Pale Waves,7jZycSvTyx0W9poD4PjEIG,The Hunna
0wOej91SVqB1zcYkW6xUtA,Pale Waves,3E3NOIlw2s1ZPU9GRB9jaq,JAWS
0wOej91SVqB1zcYkW6xUtA,Pale Waves,4hfrzKkUsrb3Cz209SKxbo,Ten Tonnes
0wOej91SVqB1zcYkW6xUtA,Pale Waves,2D4FOOOtWycb3Aw9nY5n3c,Declan McKenna
0wOej91SVqB1zcYkW6xUtA,Pale Waves,0szWPxzzE8DVEfXFRCLBUb,flor
0wOej91SVqB1zcYkW6xUtA,Pale Waves,1ShwUjKIwQRaUJij7jgRhp,The Night Café
0wOej91SVqB1zcYkW6xUtA,Pale Waves,2XddLUPFBmTonCFy8uB3uc,Swim Deep
0wOej91SVqB1zcYkW6xUtA,Pale Waves,35l9BRT7MXmM8bv2WDQiyB,beabadoobee
0wOej91SVqB1zcYkW6xUtA,Pale Waves,6hl5k4gLl1p3sjhHcb57t2,Circa Waves
0wOej91SVqB1zcYkW6xUtA,Pale Waves,7DruTvBV7owt1aSAZHsU58,Viola Beach
0YhUSm86okLWldQVwJkLlP,Bad Suns,0ZxZlO7oWCSYMXhehpyMvE,COIN
0YhUSm86okLWldQVwJkLlP,Bad Suns,7xSEWLsywYbocdtt3xsQsU,Vinyl Theatre
0YhUSm86okLWldQVwJkLlP,Bad Suns,1jNnM5dm7dzt16IocWCvJc,CRUISR
0YhUSm86okLWldQVwJkLlP,Bad Suns,6R664N4cEza3eORSqKSgO4,Colony House
0YhUSm86okLWldQVwJkLlP,Bad Suns,67Dg546QfThu4PuanvFD8y,Night Riots
0YhUSm86okLWldQVwJkLlP,Bad Suns,6Xa4nbrSTfbioA4lLShbjh,Grizfolk
0YhUSm86okLWldQVwJkLlP,Bad Suns,6lcBiGiT3dlyDMjBBtfyfS,Vacation Manor
0YhUSm86okLWldQVwJkLlP,Bad Suns,4iiQabGKtS2RtTKpVkrVTw,Smallpools
0YhUSm86okLWldQVwJkLlP,Bad Suns,6ZUjdwG0NvY6MT7vvmluhV,Young Rising Sons
0YhUSm86okLWldQVwJkLlP,Bad Suns,0szWPxzzE8DVEfXFRCLBUb,flor
0YhUSm86okLWldQVwJkLlP,Bad Suns,5rebfYbZVIhbRVcRKWVOAh,HUNNY
0YhUSm86okLWldQVwJkLlP,Bad Suns,4wYk01oPJNfaEssVFL46oQ,Coast Modern
0YhUSm86okLWldQVwJkLlP,Bad Suns,5ivCbtrcD5N4rD337xIb2z,MisterWives
0YhUSm86okLWldQVwJkLlP,Bad Suns,2KOCXIEmkM6K82nL9fovWf,888
0YhUSm86okLWldQVwJkLlP,Bad Suns,716ZwtZBmwROBXcFmCzfdM,Andrew McMahon in the Wilderness
0YhUSm86okLWldQVwJkLlP,Bad Suns,3DFoVPonoAAt4EZ1FEI8ue,Sir Sly
0YhUSm86okLWldQVwJkLlP,Bad Suns,2eam0iDomRHGBypaDQLwWI,Bleachers
0YhUSm86okLWldQVwJkLlP,Bad Suns,2OK16hAFRHoJiFZKeZe8A8,courtship.
0YhUSm86okLWldQVwJkLlP,Bad Suns,5OgSr6wQteRu9jek5JvnDQ,Coasts
0YhUSm86okLWldQVwJkLlP,Bad Suns,5ApQnMT6oR8eLguf24xb9S,Foreign Air
6fC2AcsQtd9h4BWELbbire,Peach Pit,6eJa3zG1QZLRB3xgRuyxbm,Dayglow
6fC2AcsQtd9h4BWELbbire,Peach Pit,5CXdWANGwYYRPClH6hhC0P,Kid Bloom
6fC2AcsQtd9h4BWELbbire,Peach Pit,2BL3PP6aTKJ1jqbRgfQa71,The Honeysticks
6fC2AcsQtd9h4BWELbbire,Peach Pit,0NIPkIjTV8mB795yEIiPYL,Wallows
6fC2AcsQtd9h4BWELbbire,Peach Pit,027TpXKGwdXP7iwbjUSpV8,The Walters
6fC2AcsQtd9h4BWELbbire,Peach Pit,2D4FOOOtWycb3Aw9nY5n3c,Declan McKenna
6fC2AcsQtd9h4BWELbbire,Peach Pit,5rebfYbZVIhbRVcRKWVOAh,HUNNY
6fC2AcsQtd9h4BWELbbire,Peach Pit,6Sa4YbwEdGlfVSJMF1Lp67,Roy Blair
6fC2AcsQtd9h4BWELbbire,Peach Pit,0ZUvK7zGdXLd78mQr3t1Tw,Ricky Montgomery
6fC2AcsQtd9h4BWELbbire,Peach Pit,5wl4eeiKZTQ0mgm7jLoy7g,Bay Faction
6fC2AcsQtd9h4BWELbbire,Peach Pit,24M8W1AklCxyWTKjrJZDQ8,It Looks Sad.
6fC2AcsQtd9h4BWELbbire,Peach Pit,6AQEfqGPSxZX0nJVonYxi6,Inner Wave
6fC2AcsQtd9h4BWELbbire,Peach Pit,2vnB6tuQMaQpORiRdvXF9H,Beach Bunny
6fC2AcsQtd9h4BWELbbire,Peach Pit,1W4itxt3vwhmrgLEBuVHJ6,Vundabar
6fC2AcsQtd9h4BWELbbire,Peach Pit,32zeX1IoVKAGWMyy1isKUq,No Vacation
6fC2AcsQtd9h4BWELbbire,Peach Pit,7wbkl3zgDZEoZer357mVIw,boy pablo
6fC2AcsQtd9h4BWELbbire,Peach Pit,4kSGbjWGxTchKpIxXPJv0B,Crumb
6fC2AcsQtd9h4BWELbbire,Peach Pit,0m5FakHKCQdA7UN0PIzMcL,Current Joys
6fC2AcsQtd9h4BWELbbire,Peach Pit,2HSEdXKVq1WWtBbsIeNjRX,The Frights
6fC2AcsQtd9h4BWELbbire,Peach Pit,4ub2v80S4RIceZRGnlhjTr,Jakob Ogawa
0ZxZlO7oWCSYMXhehpyMvE,COIN,67Dg546QfThu4PuanvFD8y,Night Riots
0ZxZlO7oWCSYMXhehpyMvE,COIN,6R664N4cEza3eORSqKSgO4,Colony House
0ZxZlO7oWCSYMXhehpyMvE,COIN,0YhUSm86okLWldQVwJkLlP,Bad Suns
0ZxZlO7oWCSYMXhehpyMvE,COIN,6Xa4nbrSTfbioA4lLShbjh,Grizfolk
0ZxZlO7oWCSYMXhehpyMvE,COIN,6lcBiGiT3dlyDMjBBtfyfS,Vacation Manor
0ZxZlO7oWCSYMXhehpyMvE,COIN,7xSEWLsywYbocdtt3xsQsU,Vinyl Theatre
0ZxZlO7oWCSYMXhehpyMvE,COIN,1jNnM5dm7dzt16IocWCvJc,CRUISR
0ZxZlO7oWCSYMXhehpyMvE,COIN,0szWPxzzE8DVEfXFRCLBUb,flor
0ZxZlO7oWCSYMXhehpyMvE,COIN,2OK16hAFRHoJiFZKeZe8A8,courtship.
0ZxZlO7oWCSYMXhehpyMvE,COIN,4iiQabGKtS2RtTKpVkrVTw,Smallpools
0ZxZlO7oWCSYMXhehpyMvE,COIN,4wYk01oPJNfaEssVFL46oQ,Coast Modern
0ZxZlO7oWCSYMXhehpyMvE,COIN,5rebfYbZVIhbRVcRKWVOAh,HUNNY
0ZxZlO7oWCSYMXhehpyMvE,COIN,1anAI9P9iSzc9qzLv6AtHZ,Sure Sure
0ZxZlO7oWCSYMXhehpyMvE,COIN,6d4jrmreCmsenscuieJERc,The Band CAMINO
0ZxZlO7oWCSYMXhehpyMvE,COIN,6wnSPJpmVKFcn1TpRl5Uli,Vista Kicks
0ZxZlO7oWCSYMXhehpyMvE,COIN,5ivCbtrcD5N4rD337xIb2z,MisterWives
0ZxZlO7oWCSYMXhehpyMvE,COIN,5ApQnMT6oR8eLguf24xb9S,Foreign Air
0ZxZlO7oWCSYMXhehpyMvE,COIN,6ZUjdwG0NvY6MT7vvmluhV,Young Rising Sons
0ZxZlO7oWCSYMXhehpyMvE,COIN,1btWGBz4Uu1HozTwb2Lm8A,Hippo Campus
0ZxZlO7oWCSYMXhehpyMvE,COIN,716ZwtZBmwROBXcFmCzfdM,Andrew McMahon in the Wilderness
3HXLY1sNXIxHfulrjPiRf5,joan,2Vvj76fff5uAw10W1sW54W,THE WLDLFE
3HXLY1sNXIxHfulrjPiRf5,joan,6lcBiGiT3dlyDMjBBtfyfS,Vacation Manor
3HXLY1sNXIxHfulrjPiRf5,joan,3qDMrpZHtZEtVl5i1l7hP3,Nightly
3HXLY1sNXIxHfulrjPiRf5,joan,0szWPxzzE8DVEfXFRCLBUb,flor
3HXLY1sNXIxHfulrjPiRf5,joan,0wOej91SVqB1zcYkW6xUtA,Pale Waves
3HXLY1sNXIxHfulrjPiRf5,joan,6d4jrmreCmsenscuieJERc,The Band CAMINO
3HXLY1sNXIxHfulrjPiRf5,joan,0p4HbDx1JTF3QLaBznAOrU,Colouring
3HXLY1sNXIxHfulrjPiRf5,joan,6auWB5YAlcKaHyrbTH66nd,No Rome
3HXLY1sNXIxHfulrjPiRf5,joan,3IunaFjvNKj98JW89JYv9u,The Japanese House
3HXLY1sNXIxHfulrjPiRf5,joan,2OK16hAFRHoJiFZKeZe8A8,courtship.
3HXLY1sNXIxHfulrjPiRf5,joan,5rebfYbZVIhbRVcRKWVOAh,HUNNY
3HXLY1sNXIxHfulrjPiRf5,joan,2Nvaq4y2ygxIqfwXyz0HeH,VHS Collection
3HXLY1sNXIxHfulrjPiRf5,joan,1nhSLEYdoBHG6cJ8NDwoF1,Fickle Friends
3HXLY1sNXIxHfulrjPiRf5,joan,6xdRb2GypJ7DqnWAI2mHGn,MUNA
3HXLY1sNXIxHfulrjPiRf5,joan,1Ss8sy3C3XXQgxYRwjDln8,Ralph
3HXLY1sNXIxHfulrjPiRf5,joan,422RLznpwUa5FsQgnTlgUH,Great Good Fine Ok
3HXLY1sNXIxHfulrjPiRf5,joan,2JSBQeazRlk0kVp2gelwbZ,Paperwhite
3HXLY1sNXIxHfulrjPiRf5,joan,2czQ8vG4i3wBWxfsAt4yqw,Elliot Root
3HXLY1sNXIxHfulrjPiRf5,joan,0ZxZlO7oWCSYMXhehpyMvE,COIN
3HXLY1sNXIxHfulrjPiRf5,joan,3IaqL9bsZtYJkqNLiovVho,Handsome Ghost
6d4jrmreCmsenscuieJERc,The Band CAMINO,2Vvj76fff5uAw10W1sW54W,THE WLDLFE
6d4jrmreCmsenscuieJERc,The Band CAMINO,6lcBiGiT3dlyDMjBBtfyfS,Vacation Manor
6d4jrmreCmsenscuieJERc,The Band CAMINO,0szWPxzzE8DVEfXFRCLBUb,flor
6d4jrmreCmsenscuieJERc,The Band CAMINO,3HXLY1sNXIxHfulrjPiRf5,joan
6d4jrmreCmsenscuieJERc,The Band CAMINO,0ZxZlO7oWCSYMXhehpyMvE,COIN
6d4jrmreCmsenscuieJERc,The Band CAMINO,6R664N4cEza3eORSqKSgO4,Colony House
6d4jrmreCmsenscuieJERc,The Band CAMINO,6Xa4nbrSTfbioA4lLShbjh,Grizfolk
6d4jrmreCmsenscuieJERc,The Band CAMINO,3qDMrpZHtZEtVl5i1l7hP3,Nightly
6d4jrmreCmsenscuieJERc,The Band CAMINO,2czQ8vG4i3wBWxfsAt4yqw,Elliot Root
6d4jrmreCmsenscuieJERc,The Band CAMINO,67Dg546QfThu4PuanvFD8y,Night Riots
6d4jrmreCmsenscuieJERc,The Band CAMINO,4iiQabGKtS2RtTKpVkrVTw,Smallpools
6d4jrmreCmsenscuieJERc,The Band CAMINO,0YhUSm86okLWldQVwJkLlP,Bad Suns
6d4jrmreCmsenscuieJERc,The Band CAMINO,5rebfYbZVIhbRVcRKWVOAh,HUNNY
6d4jrmreCmsenscuieJERc,The Band CAMINO,2OK16hAFRHoJiFZKeZe8A8,courtship.
6d4jrmreCmsenscuieJERc,The Band CAMINO,1btWGBz4Uu1HozTwb2Lm8A,Hippo Campus
6d4jrmreCmsenscuieJERc,The Band CAMINO,7xSEWLsywYbocdtt3xsQsU,Vinyl Theatre
6d4jrmreCmsenscuieJERc,The Band CAMINO,716ZwtZBmwROBXcFmCzfdM,Andrew McMahon in the Wilderness
6d4jrmreCmsenscuieJERc,The Band CAMINO,4KJ6jujcNPzOyhdNoiNftp,lovelytheband
6d4jrmreCmsenscuieJERc,The Band CAMINO,5DK8eK7fjvRsziXzyr3sFA,Moon Taxi
6d4jrmreCmsenscuieJERc,The Band CAMINO,5ivCbtrcD5N4rD337xIb2z,MisterWives
0szWPxzzE8DVEfXFRCLBUb,flor,6lcBiGiT3dlyDMjBBtfyfS,Vacation Manor
0szWPxzzE8DVEfXFRCLBUb,flor,67Dg546QfThu4PuanvFD8y,Night Riots
0szWPxzzE8DVEfXFRCLBUb,flor,2Vvj76fff5uAw10W1sW54W,THE WLDLFE
0szWPxzzE8DVEfXFRCLBUb,flor,0ZxZlO7oWCSYMXhehpyMvE,COIN
0szWPxzzE8DVEfXFRCLBUb,flor,2OK16hAFRHoJiFZKeZe8A8,courtship.
0szWPxzzE8DVEfXFRCLBUb,flor,5rebfYbZVIhbRVcRKWVOAh,HUNNY
0szWPxzzE8DVEfXFRCLBUb,flor,6Xa4nbrSTfbioA4lLShbjh,Grizfolk
0szWPxzzE8DVEfXFRCLBUb,flor,7xSEWLsywYbocdtt3xsQsU,Vinyl Theatre
0szWPxzzE8DVEfXFRCLBUb,flor,6d4jrmreCmsenscuieJERc,The Band CAMINO
0szWPxzzE8DVEfXFRCLBUb,flor,3HXLY1sNXIxHfulrjPiRf5,joan
0szWPxzzE8DVEfXFRCLBUb,flor,1jNnM5dm7dzt16IocWCvJc,CRUISR
0szWPxzzE8DVEfXFRCLBUb,flor,4iiQabGKtS2RtTKpVkrVTw,Smallpools
0szWPxzzE8DVEfXFRCLBUb,flor,6R664N4cEza3eORSqKSgO4,Colony House
0szWPxzzE8DVEfXFRCLBUb,flor,0YhUSm86okLWldQVwJkLlP,Bad Suns
0szWPxzzE8DVEfXFRCLBUb,flor,3qDMrpZHtZEtVl5i1l7hP3,Nightly
0szWPxzzE8DVEfXFRCLBUb,flor,4KJ6jujcNPzOyhdNoiNftp,lovelytheband
0szWPxzzE8DVEfXFRCLBUb,flor,2czQ8vG4i3wBWxfsAt4yqw,Elliot Root
0szWPxzzE8DVEfXFRCLBUb,flor,0m34JtkojthW5WYugFm0e3,Armors
0szWPxzzE8DVEfXFRCLBUb,flor,1nhSLEYdoBHG6cJ8NDwoF1,Fickle Friends
0szWPxzzE8DVEfXFRCLBUb,flor,2AmfMGi3WZMxqFDHissIAe,The Aces
4Uc8Dsxct0oMqx0P6i60ea,Conan Gray,2hR4h1Cao2ueuI7Cx9c7V8,Cavetown
4Uc8Dsxct0oMqx0P6i60ea,Conan Gray,2BL3PP6aTKJ1jqbRgfQa71,The Honeysticks
4Uc8Dsxct0oMqx0P6i60ea,Conan Gray,0HthCchcL0kVLHTr113Vk1,mxmtoon
4Uc8Dsxct0oMqx0P6i60ea,Conan Gray,21TinSsF5ytwsfdyz5VSVS,dodie
4Uc8Dsxct0oMqx0P6i60ea,Conan Gray,2G8UkPZnQ8i78L8TfqP1X6,Christian Leave
4Uc8Dsxct0oMqx0P6i60ea,Conan Gray,2D4FOOOtWycb3Aw9nY5n3c,Declan McKenna
4Uc8Dsxct0oMqx0P6i60ea,Conan Gray,3uwAm6vQy7kWPS2bciKWx9,girl in red
4Uc8Dsxct0oMqx0P6i60ea,Conan Gray,0ZUvK7zGdXLd78mQr3t1Tw,Ricky Montgomery
4Uc8Dsxct0oMqx0P6i60ea,Conan Gray,0Raaw7kr1Vzat4ZvHzjsJR,I DONT KNOW HOW BUT THEY FOUND ME
4Uc8Dsxct0oMqx0P6i60ea,Conan Gray,6Sa4YbwEdGlfVSJMF1Lp67,Roy Blair
4Uc8Dsxct0oMqx0P6i60ea,Conan Gray,0NIPkIjTV8mB795yEIiPYL,Wallows
4Uc8Dsxct0oMqx0P6i60ea,Conan Gray,7sOR7gk6XUlGnxj3p9F54k,half•alive
4Uc8Dsxct0oMqx0P6i60ea,Conan Gray,35l9BRT7MXmM8bv2WDQiyB,beabadoobee
4Uc8Dsxct0oMqx0P6i60ea,Conan Gray,1vkWdqcabQ1swciXipkLBj,awfultune
4Uc8Dsxct0oMqx0P6i60ea,Conan Gray,5DD5GZd4ElmQTy9NleMvKJ,Tessa Violet
4Uc8Dsxct0oMqx0P6i60ea,Conan Gray,37M5pPGs6V1fchFJSgCguX,FINNEAS
4Uc8Dsxct0oMqx0P6i60ea,Conan Gray,3l0CmX0FuQjFxr8SK7Vqag,Clairo
4Uc8Dsxct0oMqx0P6i60ea,Conan Gray,7gvbCoLA8lJUktp8G2xIRR,Peachy!
4Uc8Dsxct0oMqx0P6i60ea,Conan Gray,6eJa3zG1QZLRB3xgRuyxbm,Dayglow
4Uc8Dsxct0oMqx0P6i60ea,Conan Gray,5rebfYbZVIhbRVcRKWVOAh,HUNNY
1btWGBz4Uu1HozTwb2Lm8A,Hippo Campus,1anAI9P9iSzc9qzLv6AtHZ,Sure Sure
1btWGBz4Uu1HozTwb2Lm8A,Hippo Campus,6lcBiGiT3dlyDMjBBtfyfS,Vacation Manor
1btWGBz4Uu1HozTwb2Lm8A,Hippo Campus,0ZxZlO7oWCSYMXhehpyMvE,COIN
1btWGBz4Uu1HozTwb2Lm8A,Hippo Campus,1MIe1z4RdqLqHSJsb7EBMm,The Greeting Committee
1btWGBz4Uu1HozTwb2Lm8A,Hippo Campus,5rebfYbZVIhbRVcRKWVOAh,HUNNY
1btWGBz4Uu1HozTwb2Lm8A,Hippo Campus,6wnSPJpmVKFcn1TpRl5Uli,Vista Kicks
1btWGBz4Uu1HozTwb2Lm8A,Hippo Campus,2OK16hAFRHoJiFZKeZe8A8,courtship.
1btWGBz4Uu1HozTwb2Lm8A,Hippo Campus,6R664N4cEza3eORSqKSgO4,Colony House
1btWGBz4Uu1HozTwb2Lm8A,Hippo Campus,4wYk01oPJNfaEssVFL46oQ,Coast Modern
1btWGBz4Uu1HozTwb2Lm8A,Hippo Campus,1ikg4sypcURm8Vy5GP68xb,Magic City Hippies
1btWGBz4Uu1HozTwb2Lm8A,Hippo Campus,7vtSUU3zpHeYJfX6BPNrJd,Briston Maroney
1btWGBz4Uu1HozTwb2Lm8A,Hippo Campus,6d4jrmreCmsenscuieJERc,The Band CAMINO
1btWGBz4Uu1HozTwb2Lm8A,Hippo Campus,6Xa4nbrSTfbioA4lLShbjh,Grizfolk
1btWGBz4Uu1HozTwb2Lm8A,Hippo Campus,5DK8eK7fjvRsziXzyr3sFA,Moon Taxi
1btWGBz4Uu1HozTwb2Lm8A,Hippo Campus,0szWPxzzE8DVEfXFRCLBUb,flor
1btWGBz4Uu1HozTwb2Lm8A,Hippo Campus,1jNnM5dm7dzt16IocWCvJc,CRUISR
1btWGBz4Uu1HozTwb2Lm8A,Hippo Campus,6Bllzm0olEwqGwPujaLiuA,Arlie
1btWGBz4Uu1HozTwb2Lm8A,Hippo Campus,0YhUSm86okLWldQVwJkLlP,Bad Suns
1btWGBz4Uu1HozTwb2Lm8A,Hippo Campus,6fC2AcsQtd9h4BWELbbire,Peach Pit
1btWGBz4Uu1HozTwb2Lm8A,Hippo Campus,4iiQabGKtS2RtTKpVkrVTw,Smallpools
3WGpXCj9YhhfX11TToZcXP,Troye Sivan,5xkAtLTf309LAGZTbvULBn,Ruel
3WGpXCj9YhhfX11TToZcXP,Troye Sivan,4xnihxcoXWK3UqryOSnbw5,Sasha Sloan
3WGpXCj9YhhfX11TToZcXP,Troye Sivan,5ZsFI1h6hIdQRw2ti0hz81,ZAYN
3WGpXCj9YhhfX11TToZcXP,Troye Sivan,37M5pPGs6V1fchFJSgCguX,FINNEAS
3WGpXCj9YhhfX11TToZcXP,Troye Sivan,7LImGq5KnzQobZciDJpeJb,Charlotte Lawrence
3WGpXCj9YhhfX11TToZcXP,Troye Sivan,6sFIWsNpZYqfjUpaCgueju,Carly Rae Jepsen
3WGpXCj9YhhfX11TToZcXP,Troye Sivan,163tK9Wjr9P9DmM0AVK7lm,Lorde
3WGpXCj9YhhfX11TToZcXP,Troye Sivan,26VFTg2z8YR0cCuwLzESi2,Halsey
3WGpXCj9YhhfX11TToZcXP,Troye Sivan,6beUvFUlKliUYJdLOXNj9C,King Princess
3WGpXCj9YhhfX11TToZcXP,Troye Sivan,7r2uG6BlFXKcwmh9ItqlII,Wrabel
3WGpXCj9YhhfX11TToZcXP,Troye Sivan,5vBSrE1xujD2FXYRarbAXc,Years & Years
3WGpXCj9YhhfX11TToZcXP,Troye Sivan,2G8UkPZnQ8i78L8TfqP1X6,Christian Leave
3WGpXCj9YhhfX11TToZcXP,Troye Sivan,2wUjUUtkb5lvLKcGKsKqsR,Alessia Cara
3WGpXCj9YhhfX11TToZcXP,Troye Sivan,1o2NpYGqHiCq7FoiYdyd1x,Bea Miller
3WGpXCj9YhhfX11TToZcXP,Troye Sivan,3iri9nBFs9e4wN7PLIetAw,gnash
3WGpXCj9YhhfX11TToZcXP,Troye Sivan,0ZED1XzwlLHW4ZaG4lOT6m,Julia Michaels
3WGpXCj9YhhfX11TToZcXP,Troye Sivan,0wnYgCeP013HkKoOyC5V32,Allie X
3WGpXCj9YhhfX11TToZcXP,Troye Sivan,3LjhVl7GzYsza1biQjTpaN,Hayley Kiyoko
3WGpXCj9YhhfX11TToZcXP,Troye Sivan,4JNfz6aO9ZFz0gp5GY88am,Hey Violet
3WGpXCj9YhhfX11TToZcXP,Troye Sivan,6T5tfhQCknKG4UnH90qGnz,DNCE
6Sa4YbwEdGlfVSJMF1Lp67,Roy Blair,0NIPkIjTV8mB795yEIiPYL,Wallows
6Sa4YbwEdGlfVSJMF1Lp67,Roy Blair,5CXdWANGwYYRPClH6hhC0P,Kid Bloom
6Sa4YbwEdGlfVSJMF1Lp67,Roy Blair,33LSz2nhC8pCPTb3pd5add,Hot Flash Heat Wave
6Sa4YbwEdGlfVSJMF1Lp67,Roy Blair,6sHCvZe1PHrOAuYlwTLNH4,Gus Dapperton
6Sa4YbwEdGlfVSJMF1Lp67,Roy Blair,2BL3PP6aTKJ1jqbRgfQa71,The Honeysticks
6Sa4YbwEdGlfVSJMF1Lp67,Roy Blair,7wbkl3zgDZEoZer357mVIw,boy pablo
6Sa4YbwEdGlfVSJMF1Lp67,Roy Blair,2G8UkPZnQ8i78L8TfqP1X6,Christian Leave
6Sa4YbwEdGlfVSJMF1Lp67,Roy Blair,4iMO20EPodreIaEl8qW66y,Still Woozy
6Sa4YbwEdGlfVSJMF1Lp67,Roy Blair,32zeX1IoVKAGWMyy1isKUq,No Vacation
6Sa4YbwEdGlfVSJMF1Lp67,Roy Blair,7A47sEe0ih6WpKmNCRMu86,Jelani Aryeh
6Sa4YbwEdGlfVSJMF1Lp67,Roy Blair,2D4FOOOtWycb3Aw9nY5n3c,Declan McKenna
6Sa4YbwEdGlfVSJMF1Lp67,Roy Blair,2sSGPbdZJkaSE2AbcGOACx,The Marías
6Sa4YbwEdGlfVSJMF1Lp67,Roy Blair,0ZUvK7zGdXLd78mQr3t1Tw,Ricky Montgomery
6Sa4YbwEdGlfVSJMF1Lp67,Roy Blair,3BBCgZVbXFRzcnT1ewVfRt,TEMPOREX
6Sa4YbwEdGlfVSJMF1Lp67,Roy Blair,3uwAm6vQy7kWPS2bciKWx9,girl in red
6Sa4YbwEdGlfVSJMF1Lp67,Roy Blair,25pd339V2rRJo84USlcSRP,JAWNY
6Sa4YbwEdGlfVSJMF1Lp67,Roy Blair,35l9BRT7MXmM8bv2WDQiyB,beabadoobee
6Sa4YbwEdGlfVSJMF1Lp67,Roy Blair,5rebfYbZVIhbRVcRKWVOAh,HUNNY
6Sa4YbwEdGlfVSJMF1Lp67,Roy Blair,6fC2AcsQtd9h4BWELbbire,Peach Pit
6Sa4YbwEdGlfVSJMF1Lp67,Roy Blair,6vVztIuqdDHvYWxOEXCzjN,SALES
5rebfYbZVIhbRVcRKWVOAh,HUNNY,6lcBiGiT3dlyDMjBBtfyfS,Vacation Manor
5rebfYbZVIhbRVcRKWVOAh,HUNNY,0szWPxzzE8DVEfXFRCLBUb,flor
5rebfYbZVIhbRVcRKWVOAh,HUNNY,67Dg546QfThu4PuanvFD8y,Night Riots
5rebfYbZVIhbRVcRKWVOAh,HUNNY,0ZUvK7zGdXLd78mQr3t1Tw,Ricky Montgomery
5rebfYbZVIhbRVcRKWVOAh,HUNNY,0ZxZlO7oWCSYMXhehpyMvE,COIN
5rebfYbZVIhbRVcRKWVOAh,HUNNY,2BL3PP6aTKJ1jqbRgfQa71,The Honeysticks
5rebfYbZVIhbRVcRKWVOAh,HUNNY,0YhUSm86okLWldQVwJkLlP,Bad Suns
5rebfYbZVIhbRVcRKWVOAh,HUNNY,2OK16hAFRHoJiFZKeZe8A8,courtship.
5rebfYbZVIhbRVcRKWVOAh,HUNNY,1jNnM5dm7dzt16IocWCvJc,CRUISR
5rebfYbZVIhbRVcRKWVOAh,HUNNY,4KJ6jujcNPzOyhdNoiNftp,lovelytheband
5rebfYbZVIhbRVcRKWVOAh,HUNNY,4OTFxPi5CtWyj1NThDe6z5,Weathers
5rebfYbZVIhbRVcRKWVOAh,HUNNY,5bmqhxWk9SEFDGIzWpSjVJ,The Driver Era
5rebfYbZVIhbRVcRKWVOAh,HUNNY,2D4FOOOtWycb3Aw9nY5n3c,Declan McKenna
5rebfYbZVIhbRVcRKWVOAh,HUNNY,7xSEWLsywYbocdtt3xsQsU,Vinyl Theatre
5rebfYbZVIhbRVcRKWVOAh,HUNNY,7sOR7gk6XUlGnxj3p9F54k,half•alive
5rebfYbZVIhbRVcRKWVOAh,HUNNY,0NIPkIjTV8mB795yEIiPYL,Wallows
5rebfYbZVIhbRVcRKWVOAh,HUNNY,1btWGBz4Uu1HozTwb2Lm8A,Hippo Campus
5rebfYbZVIhbRVcRKWVOAh,HUNNY,5CXdWANGwYYRPClH6hhC0P,Kid Bloom
5rebfYbZVIhbRVcRKWVOAh,HUNNY,7I3bkknknQkIiatWiupQgD,Beach Weather
5rebfYbZVIhbRVcRKWVOAh,HUNNY,6Xa4nbrSTfbioA4lLShbjh,Grizfolk
7jZycSvTyx0W9poD4PjEIG,The Hunna,4fgXfJCQnK6c44u4KzAtQP,Sundara Karma
7jZycSvTyx0W9poD4PjEIG,The Hunna,7DruTvBV7owt1aSAZHsU58,Viola Beach
7jZycSvTyx0W9poD4PjEIG,The Hunna,6hWReUQlQwLTYlmZ1vltRB,King No-One
7jZycSvTyx0W9poD4PjEIG,The Hunna,1ShwUjKIwQRaUJij7jgRhp,The Night Café
7jZycSvTyx0W9poD4PjEIG,The Hunna,45FqwUG4hTT6d39r2HUsUe,Sea Girls
7jZycSvTyx0W9poD4PjEIG,The Hunna,5CMAV0Fr8uS2YqlR1ZG5lA,High Tyde
7jZycSvTyx0W9poD4PjEIG,The Hunna,22RISwgVJyZu9lpqAcv1F5,Blossoms
7jZycSvTyx0W9poD4PjEIG,The Hunna,6hl5k4gLl1p3sjhHcb57t2,Circa Waves
7jZycSvTyx0W9poD4PjEIG,The Hunna,4hfrzKkUsrb3Cz209SKxbo,Ten Tonnes
7jZycSvTyx0W9poD4PjEIG,The Hunna,3E3NOIlw2s1ZPU9GRB9jaq,JAWS
7jZycSvTyx0W9poD4PjEIG,The Hunna,0vnJ2wR879kbb5MuzblVOb,Clean Cut Kid
7jZycSvTyx0W9poD4PjEIG,The Hunna,52pNByiBWx6SVMMqqcCA74,The Magic Gang
7jZycSvTyx0W9poD4PjEIG,The Hunna,7MkyChCSbNBozQ6jq79lop,Marsicans
7jZycSvTyx0W9poD4PjEIG,The Hunna,4Xxkt0tSJr1uNxGDZcJLRc,VANT
7jZycSvTyx0W9poD4PjEIG,The Hunna,6yY9g2nwqyduN2RpxRHWdy,Sunset Sons
7jZycSvTyx0W9poD4PjEIG,The Hunna,7cpCnhhBIU1gA7EhTFApN1,Gerry Cinnamon
7jZycSvTyx0W9poD4PjEIG,The Hunna,6zlR5ttMfMNmwf2lecU9Cc,Sam Fender
7jZycSvTyx0W9poD4PjEIG,The Hunna,3uhfMjcE5HJqMIWh3Iolw0,The Pale White
7jZycSvTyx0W9poD4PjEIG,The Hunna,7243txmysJ4KbRmH8UAMKO,The Amazons
7jZycSvTyx0W9poD4PjEIG,The Hunna,4AzAfQNuAyKOFG4DZMsdAo,The Snuts
2eam0iDomRHGBypaDQLwWI,Bleachers,0YhUSm86okLWldQVwJkLlP,Bad Suns
2eam0iDomRHGBypaDQLwWI,Bleachers,6R664N4cEza3eORSqKSgO4,Colony House
2eam0iDomRHGBypaDQLwWI,Bleachers,4iiQabGKtS2RtTKpVkrVTw,Smallpools
2eam0iDomRHGBypaDQLwWI,Bleachers,5ivCbtrcD5N4rD337xIb2z,MisterWives
2eam0iDomRHGBypaDQLwWI,Bleachers,6Xa4nbrSTfbioA4lLShbjh,Grizfolk
2eam0iDomRHGBypaDQLwWI,Bleachers,716ZwtZBmwROBXcFmCzfdM,Andrew McMahon in the Wilderness
2eam0iDomRHGBypaDQLwWI,Bleachers,3ZJC8cLts8Q8s8JbNJKsLf,The Format
2eam0iDomRHGBypaDQLwWI,Bleachers,0ZxZlO7oWCSYMXhehpyMvE,COIN
2eam0iDomRHGBypaDQLwWI,Bleachers,0szWPxzzE8DVEfXFRCLBUb,flor
2eam0iDomRHGBypaDQLwWI,Bleachers,1jNnM5dm7dzt16IocWCvJc,CRUISR
2eam0iDomRHGBypaDQLwWI,Bleachers,7xSEWLsywYbocdtt3xsQsU,Vinyl Theatre
2eam0iDomRHGBypaDQLwWI,Bleachers,67Dg546QfThu4PuanvFD8y,Night Riots
2eam0iDomRHGBypaDQLwWI,Bleachers,6ZUjdwG0NvY6MT7vvmluhV,Young Rising Sons
2eam0iDomRHGBypaDQLwWI,Bleachers,6FIrstf3kHEg3zBOyLpvxD,Ra Ra Riot
2eam0iDomRHGBypaDQLwWI,Bleachers,5DK8eK7fjvRsziXzyr3sFA,Moon Taxi
2eam0iDomRHGBypaDQLwWI,Bleachers,2OK16hAFRHoJiFZKeZe8A8,courtship.
2eam0iDomRHGBypaDQLwWI,Bleachers,2AmfMGi3WZMxqFDHissIAe,The Aces
2eam0iDomRHGBypaDQLwWI,Bleachers,6AGUQK1EWK6nvN4pLIDQDQ,The Mowgli's
2eam0iDomRHGBypaDQLwWI,Bleachers,0L8jXe7QeS9oYUoXbANmX4,Jukebox The Ghost
2eam0iDomRHGBypaDQLwWI,Bleachers,4KJ6jujcNPzOyhdNoiNftp,lovelytheband
6beUvFUlKliUYJdLOXNj9C,King Princess,4NZvixzsSefsNiIqXn0NDe,Maggie Rogers
6beUvFUlKliUYJdLOXNj9C,King Princess,5vBrKGOjN10BMwB0cJADj4,bülow
6beUvFUlKliUYJdLOXNj9C,King Princess,6P5NO5hzJbuOqSdyPB7SJM,Ashe
6beUvFUlKliUYJdLOXNj9C,King Princess,3LjhVl7GzYsza1biQjTpaN,Hayley Kiyoko
6beUvFUlKliUYJdLOXNj9C,King Princess,2AmfMGi3WZMxqFDHissIAe,The Aces
6beUvFUlKliUYJdLOXNj9C,King Princess,5qa31A9HySw3T7MKWI9bGg,FLETCHER
6beUvFUlKliUYJdLOXNj9C,King Princess,5DD5GZd4ElmQTy9NleMvKJ,Tessa Violet
6beUvFUlKliUYJdLOXNj9C,King Princess,7LImGq5KnzQobZciDJpeJb,Charlotte Lawrence
6beUvFUlKliUYJdLOXNj9C,King Princess,6xdRb2GypJ7DqnWAI2mHGn,MUNA
6beUvFUlKliUYJdLOXNj9C,King Princess,3mPc8WGusz2XF3Tvs3AKCR,Carlie Hanson
6beUvFUlKliUYJdLOXNj9C,King Princess,39R87tT1qaTxHwu5m87USa,EXES
6beUvFUlKliUYJdLOXNj9C,King Princess,1o2NpYGqHiCq7FoiYdyd1x,Bea Miller
6beUvFUlKliUYJdLOXNj9C,King Princess,3IunaFjvNKj98JW89JYv9u,The Japanese House
6beUvFUlKliUYJdLOXNj9C,King Princess,4SqTiwOEdYrNayaGMkc7ia,LÉON
6beUvFUlKliUYJdLOXNj9C,King Princess,60NNvDqsif0u40CXMV6jDQ,Ryan Beatty
6beUvFUlKliUYJdLOXNj9C,King Princess,1Fr6agZ6iSM5Ynn2k4C8sc,VÉRITÉ
6beUvFUlKliUYJdLOXNj9C,King Princess,4Ui2kfOqGujY81UcPrb5KE,HAIM
6beUvFUlKliUYJdLOXNj9C,King Princess,7ixzNQXQ64I2ayrtyhlF7i,Transviolet
6beUvFUlKliUYJdLOXNj9C,King Princess,2D4FOOOtWycb3Aw9nY5n3c,Declan McKenna
6beUvFUlKliUYJdLOXNj9C,King Princess,38CvLGTsjtoloDgv3OKQp8,Robinson
4fgXfJCQnK6c44u4KzAtQP,Sundara Karma,7jZycSvTyx0W9poD4PjEIG,The Hunna
4fgXfJCQnK6c44u4KzAtQP,Sundara Karma,7DruTvBV7owt1aSAZHsU58,Viola Beach
4fgXfJCQnK6c44u4KzAtQP,Sundara Karma,3E3NOIlw2s1ZPU9GRB9jaq,JAWS
4fgXfJCQnK6c44u4KzAtQP,Sundara Karma,1ShwUjKIwQRaUJij7jgRhp,The Night Café
4fgXfJCQnK6c44u4KzAtQP,Sundara Karma,22RISwgVJyZu9lpqAcv1F5,Blossoms
4fgXfJCQnK6c44u4KzAtQP,Sundara Karma,45FqwUG4hTT6d39r2HUsUe,Sea Girls
4fgXfJCQnK6c44u4KzAtQP,Sundara Karma,52pNByiBWx6SVMMqqcCA74,The Magic Gang
4fgXfJCQnK6c44u4KzAtQP,Sundara Karma,5CMAV0Fr8uS2YqlR1ZG5lA,High Tyde
4fgXfJCQnK6c44u4KzAtQP,Sundara Karma,6hWReUQlQwLTYlmZ1vltRB,King No-One
4fgXfJCQnK6c44u4KzAtQP,Sundara Karma,4hfrzKkUsrb3Cz209SKxbo,Ten Tonnes
4fgXfJCQnK6c44u4KzAtQP,Sundara Karma,6hl5k4gLl1p3sjhHcb57t2,Circa Waves
4fgXfJCQnK6c44u4KzAtQP,Sundara Karma,0vnJ2wR879kbb5MuzblVOb,Clean Cut Kid
4fgXfJCQnK6c44u4KzAtQP,Sundara Karma,7MkyChCSbNBozQ6jq79lop,Marsicans
4fgXfJCQnK6c44u4KzAtQP,Sundara Karma,4Xxkt0tSJr1uNxGDZcJLRc,VANT
4fgXfJCQnK6c44u4KzAtQP,Sundara Karma,7243txmysJ4KbRmH8UAMKO,The Amazons
4fgXfJCQnK6c44u4KzAtQP,Sundara Karma,79RmzX8i9w6YwqJjg3O1MY,Blaenavon
4fgXfJCQnK6c44u4KzAtQP,Sundara Karma,6zlR5ttMfMNmwf2lecU9Cc,Sam Fender
4fgXfJCQnK6c44u4KzAtQP,Sundara Karma,3uhfMjcE5HJqMIWh3Iolw0,The Pale White
4fgXfJCQnK6c44u4KzAtQP,Sundara Karma,6jCJXKWlZky694nYGcJlm1,CHILDCARE
4fgXfJCQnK6c44u4KzAtQP,Sundara Karma,0hSgRl2U8kSaJLE2Di325f,Bad Sounds
